{"cameraMode":{"drawMode":0,"name":"Shaded","section":"Shading Mode"},"sceneLighting":false,"audioPlay":false,"sceneViewState":{"showFog":true,"showMaterialUpdate":false,"showSkybox":true,"showFlares":true,"showImageEffects":true,"showParticleSystems":true},"in2DMode":false,"pivot":{"x":0.8651324510574341,"y":1.0196046829223633,"z":-0.30069220066070559},"rotation":{"x":0.09068212658166886,"y":0.8605945110321045,"z":-0.164893239736557,"w":0.47327977418899538},"size":1.8435256481170655,"orthographic":false}