{"cameraMode":{"drawMode":0,"name":"Shaded","section":"Shading Mode"},"sceneLighting":false,"audioPlay":false,"sceneViewState":{"showFog":true,"showMaterialUpdate":false,"showSkybox":false,"showFlares":true,"showImageEffects":true,"showParticleSystems":true},"in2DMode":false,"pivot":{"x":0.09341296553611756,"y":1.235545039176941,"z":-0.14955872297286988},"rotation":{"x":0.09068212658166886,"y":0.8605945110321045,"z":-0.164893239736557,"w":0.47327977418899538},"size":0.5197268724441528,"orthographic":false}