{"cameraMode":{"drawMode":0,"name":"Shaded","section":"Shading Mode"},"sceneLighting":false,"audioPlay":false,"sceneViewState":{"showFog":false,"showMaterialUpdate":false,"showSkybox":false,"showFlares":false,"showImageEffects":false,"showParticleSystems":false},"in2DMode":false,"pivot":{"x":-0.3432745933532715,"y":0.9993271827697754,"z":-0.427152156829834},"rotation":{"x":-0.007673494052141905,"y":0.9554993510246277,"z":-0.2939981520175934,"w":-0.02464156597852707},"size":3.074789047241211,"orthographic":false}