{"cameraMode":{"drawMode":0,"name":"Shaded","section":"Shading Mode"},"sceneLighting":false,"audioPlay":false,"sceneViewState":{"showFog":false,"showMaterialUpdate":false,"showSkybox":false,"showFlares":false,"showImageEffects":false,"showParticleSystems":false},"in2DMode":false,"pivot":{"x":0.8983370661735535,"y":0.9514351487159729,"z":-0.13580361008644105},"rotation":{"x":-0.19252733886241914,"y":-0.7903571128845215,"z":0.30865058302879336,"w":-0.4929924011230469},"size":1.1197268962860108,"orthographic":false}