{"cameraMode":{"drawMode":0,"name":"Shaded","section":"Shading Mode"},"sceneLighting":false,"audioPlay":false,"sceneViewState":{"showFog":false,"showMaterialUpdate":false,"showSkybox":false,"showFlares":false,"showImageEffects":false,"showParticleSystems":false},"in2DMode":false,"pivot":{"x":0.17484831809997559,"y":1.4962366819381714,"z":0.8220385313034058},"rotation":{"x":-0.026109866797924043,"y":-0.9192667007446289,"z":0.387911856174469,"w":-0.06187501922249794},"size":14.087109565734864,"orthographic":false}