{"cameraMode":{"drawMode":0,"name":"Shaded","section":"Shading Mode"},"sceneLighting":false,"audioPlay":false,"sceneViewState":{"showFog":false,"showMaterialUpdate":false,"showSkybox":false,"showFlares":false,"showImageEffects":false,"showParticleSystems":false},"in2DMode":false,"pivot":{"x":-0.04668615758419037,"y":0.7145310044288635,"z":0.01653096079826355},"rotation":{"x":-0.17928063869476319,"y":-0.7441617250442505,"z":0.2206951528787613,"w":-0.6044955253601074},"size":3.8197264671325685,"orthographic":false}