{"cameraMode":{"drawMode":0,"name":"Shaded","section":"Shading Mode"},"sceneLighting":false,"audioPlay":false,"sceneViewState":{"showFog":false,"showMaterialUpdate":false,"showSkybox":false,"showFlares":false,"showImageEffects":false,"showParticleSystems":false},"in2DMode":false,"pivot":{"x":0.9790636301040649,"y":0.14293861389160157,"z":0.24925851821899415},"rotation":{"x":-0.026109866797924043,"y":-0.9192667007446289,"z":0.387911856174469,"w":-0.06187501922249794},"size":3.6350131034851076,"orthographic":false}