{"cameraMode":{"drawMode":0,"name":"Shaded","section":"Shading Mode"},"sceneLighting":false,"audioPlay":false,"sceneViewState":{"showFog":false,"showMaterialUpdate":false,"showSkybox":false,"showFlares":false,"showImageEffects":false,"showParticleSystems":false},"in2DMode":false,"pivot":{"x":0.6718088984489441,"y":1.2913880348205567,"z":0.013842135667800904},"rotation":{"x":-0.008371017873287201,"y":-0.990609884262085,"z":0.11674514412879944,"w":-0.07115869969129563},"size":1.2151851654052735,"orthographic":false}